{"cameraMode":{"drawMode":0,"name":"Shaded","section":"Shading Mode"},"sceneLighting":true,"audioPlay":false,"sceneViewState":{"showFog":false,"showMaterialUpdate":false,"showSkybox":false,"showFlares":false,"showImageEffects":false,"showParticleSystems":true},"in2DMode":false,"pivot":{"x":-27.97625160217285,"y":24.9844970703125,"z":-40.664669036865237},"rotation":{"x":0.04699966683983803,"y":0.43410709500312807,"z":-0.022686049342155458,"w":0.8993483185768127},"size":1.1431535482406617,"orthographic":false}